title,company,location,apply_link
"Full Stack Developer (VueJS, Ruby, Javascript)",Nurole Ltd,"London, UK",https://stackoverflow.com/jobs/331256
"Frontend Engineer - Junior to Senior - Vue.js, Go",Ezoic,"Carlsbad, CA",https://stackoverflow.com/jobs/427868
Lead Vue.js / PHP developer,HUBX,No office location,https://stackoverflow.com/jobs/397027
Senior PHP App Developer (Laravel/Vue.js),Delicious Brains Inc,No office location,https://stackoverflow.com/jobs/527145
Vue Engineer at Openly - Insurtech,Openly,No office location,https://stackoverflow.com/jobs/519599
Vue.js Entwickler,Computer FuturesviaComputer Futures Solutions GmbH,No office location,https://stackoverflow.com/jobs/524475
Frontend Software Engineer (Vue),Captivation Software,"Linthicum Heights, MD",https://stackoverflow.com/jobs/525424
Frontenddeveloper with vue.js / Experienced with TDD and Docker,roadsurfer GmbH,"München, Deutschland",https://stackoverflow.com/jobs/504968
Senior Full-Stack Engineer (Vue/Node),Wisely,No office location,https://stackoverflow.com/jobs/405895
"Full Stack Engineer (PHP, VueJS)",Modus Create,No office location,https://stackoverflow.com/jobs/526966
Senior Full-Stack Web Developer (Vue & Node),Nanome Inc,No office location,https://stackoverflow.com/jobs/511761
Vue.js Developper - Permanent / Full time,Steeple,"Rennes, France",https://stackoverflow.com/jobs/526317
"Front-End Developer (HTML, CSS, Vue.js, Animation)",Limesharp,No office location,https://stackoverflow.com/jobs/132347
Webdeveloper for Backend (NodeJS) and Frontend (Vue) (m/f),RINGANA GmbH,"Wien, Österreich",https://stackoverflow.com/jobs/421723
Senior Vue Developer,Cavai,No office location,https://stackoverflow.com/jobs/523315
Frontend Web Developer (Vue/React/Angular) - REMOTE,"Ciber Global, LLC",No office location,https://stackoverflow.com/jobs/522037
"Full Stack Engineer - Junior to Senior - Vue.js, Go",Ezoic,"Carlsbad, CA",https://stackoverflow.com/jobs/427867
"Senior Frontend Developer (React.js, Vue.js) (Remote US Only)",X-Team,No office location,https://stackoverflow.com/jobs/527405
VueJS Frontend Dev (remote friendly),Cycloid,"Paris, France",https://stackoverflow.com/jobs/457234
Senior Frontend Developer React/Angular/Vue,Sytac IT Consulting,"Amsterdam, Netherlands",https://stackoverflow.com/jobs/524937
"Full Stack Engineer - Vue.js, Angular, CSS, Java, J2EE - Remote USA",Lumen,"Herndon, VA",https://stackoverflow.com/jobs/525770
"Senior Software Engineer - Angular, React, Vue, etc. (online comparison portal)",Verivox GmbH,"Heidelberg, Germany",https://stackoverflow.com/jobs/485038
Senior Frontend Developer (m/f/d) Vue,Laserhub GmbH,"Stuttgart, Deutschland",https://stackoverflow.com/jobs/513294
PHP Developer (Laravel | CakePHP | HTML5 | JS | Vue | Nuxt),Continued,No office location,https://stackoverflow.com/jobs/522977
Senior Full Stack Laravel & Vue.js,Worksome ApS,"København, Denmark",https://stackoverflow.com/jobs/503422
Backend Engineer,Sytac IT Consulting,"Amsterdam, Netherlands",https://stackoverflow.com/jobs/524936
Senior Frontend Developer (m/f/d) Vue,Laserhub GmbH,"Stuttgart, Deutschland",https://stackoverflow.com/jobs/513294
PHP Developer (Laravel | CakePHP | HTML5 | JS | Vue | Nuxt),Continued,No office location,https://stackoverflow.com/jobs/522977
Front-end Developer Vuejs,CareSend,No office location,https://stackoverflow.com/jobs/499953
Senior Full Stack Laravel & Vue.js,Worksome ApS,"København, Denmark",https://stackoverflow.com/jobs/503422
Full Stack Vue.JS Pro...Who Wants to Dent the Universe,Digital Masterplanning,No office location,https://stackoverflow.com/jobs/523933
Lead Frontend Developer / Vue.js (m/f/x),refurbed,No office location,https://stackoverflow.com/jobs/483470
"Full Stack Developer (GraphQL, VueJS, Laravel) Office or Remote",Limesharp,"London, UK",https://stackoverflow.com/jobs/462636
Frontend Entwickler (m/w/d) Vue.js/C# Krankenhausinformationssystem,Meierhofer AG,"München, Deutschland",https://stackoverflow.com/jobs/372319
"Backend Developer PHP (m/w/d) in Leipzig, Halle (Saale) oder Dresden",Relaxdays GmbH,"Leipzig, Deutschland",https://stackoverflow.com/jobs/433896
Frontend Developer,AirLST GmbH,"München, Deutschland",https://stackoverflow.com/jobs/304709
"Backend Developer C# (w/m/d) in Leipzig, Halle (Saale) oder Dresden",Relaxdays GmbH,"Leipzig, Deutschland",https://stackoverflow.com/jobs/433895
Développeur Fullstack JAVA / Javascript (H/F),La Combe du Lion Vert,"Paris, France",https://stackoverflow.com/jobs/504197
Développeur Crafteur JAVA (H/F),La Combe du Lion Vert,"Paris, France",https://stackoverflow.com/jobs/499582
"Frontend Developer (m/w/d) in Leipzig, Halle (Saale) oder Dresden",Relaxdays GmbH,"Leipzig, Deutschland",https://stackoverflow.com/jobs/433898
"Software Architect ( Ionic,React)",Modus Create,No office location,https://stackoverflow.com/jobs/526247
Lead Scala Engineer,LeadIQ,No office location,https://stackoverflow.com/jobs/411387
"Data Architect ( Lead, Thunderhead one)",Modus Create,No office location,https://stackoverflow.com/jobs/527441
Senior Full-Stack Engineer (m/f/d),e-bot7 GmbH,"München, Germany",https://stackoverflow.com/jobs/500530
Team Lead Solutions Engineering (m/f/d),e-bot7 GmbH,"Munich, Germany",https://stackoverflow.com/jobs/524821
Engineering Manager,Carb Manager,"Seattle, WA",https://stackoverflow.com/jobs/525451
Senior Fullstack Web Developer,GoLeasy,"Düsseldorf, Germany",https://stackoverflow.com/jobs/526845
DevOps Engineer,e-bot7 GmbH,"Munich, Germany",https://stackoverflow.com/jobs/526189
Software Engineer,Freelancer.com,"Sydney, Australia",https://stackoverflow.com/jobs/527384
"Senior JavaScript Backend Engineers (NodeJS, JSON, REST APIs)",Radical I/O Technology Inc.,"Vancouver, BC, Canada",https://stackoverflow.com/jobs/525307
Senior Frontend Developer (m/f/d) - onsite or remote in Germany,ABOUT YOU GmbH & Co. KG,"Hamburg, Deutschland",https://stackoverflow.com/jobs/304349
Full Stack Engineer - Engagement Engineering,Apple,"Hyderabad, India",https://stackoverflow.com/jobs/472779
Front End Engineer,Amazon Web Services,"New York, NY",https://stackoverflow.com/jobs/499873
Senior Front-end / JS Developer (Remote),iubenda,"Milan, Italy",https://stackoverflow.com/jobs/513766
Senior Mobile Engineers (Native iOS and/or Android),Radical I/O Technology Inc.,"Vancouver, BC, Canada",https://stackoverflow.com/jobs/525308
Front-End Developer for Industry-Transforming SaaS Product,War on the Rocks,"Washington, DC",https://stackoverflow.com/jobs/526399
Full Stack Developer (FE),Apple,"Bengaluru, India",https://stackoverflow.com/jobs/525535
Senior Front-End Developer (m/f/d) - for legal tech startup in Berlin,DataGuard,"Berlin, Deutschland",https://stackoverflow.com/jobs/463805
Full Stack Javascript Software Engineer,SDVI,No office location,https://stackoverflow.com/jobs/254207
Senior Front-End Developer (m/f/d) - for legal tech startup in Munich,DataGuard,"München, Deutschland",https://stackoverflow.com/jobs/281206
PHP Entwickler (Backend oder Full Stack)(m/w/d),WunschGutschein,"Düsseldorf, Deutschland",https://stackoverflow.com/jobs/365530
Full-Stack Web Developer Java,WPS Management GmbH,"Paderborn, Deutschland",https://stackoverflow.com/jobs/125395
Lead Software Engineer - Biotech startup helping dogs!,Embark Veterinary Inc.,"Boston, MA",https://stackoverflow.com/jobs/510445
Experienced  Full-stack Developer with a Python-Django preference!,Apicbase Belgium,No office location,https://stackoverflow.com/jobs/515716
Backend Engineer,CareSend,No office location,https://stackoverflow.com/jobs/507973
Frontend Software Engineer,MindDoc Health GmbH,"München, Germany",https://stackoverflow.com/jobs/430334
Join us in our Sustainable Energy Revolution-Medior/ Senior full-stack developer,The Sustainables BV,"Amsterdam, Netherlands",https://stackoverflow.com/jobs/195349
Senior Full-Stack PHP Developer,GeoPhy,"Den Haag, Netherlands",https://stackoverflow.com/jobs/523421
Senior Full-Stack JavaScript Developer,Jibble,No office location,https://stackoverflow.com/jobs/526044
(Senior) Frontend Engineer (m/f/d),Lendico Deutschland GmbH,"Berlin, Deutschland",https://stackoverflow.com/jobs/526326
Senior Full-Stack Django/Python Developer,"Share Edge, LLC","Manhattan Beach, CA",https://stackoverflow.com/jobs/501234
Senior Front End Engineer,LeadIQ,Singapore,https://stackoverflow.com/jobs/523334
Senior Backend/Fullstack Developer,Pensionera Förmedling i Sverige AB,"Stockholm, Sweden",https://stackoverflow.com/jobs/526102
Senior Web Developer (Front-End),"Springbit, Inc.","Alpharetta, GA",https://stackoverflow.com/jobs/523610
Frontend Developer (m/f/d),WPS Management GmbH,"Paderborn, Deutschland",https://stackoverflow.com/jobs/293572
Full-Stack .NET/JS Engineer,MediKeeper,"San Diego, CA",https://stackoverflow.com/jobs/505268
Senior Backend/Fullstack Developer,Pensionera Förmedling i Sverige AB,"Stockholm, Sweden",https://stackoverflow.com/jobs/526102
Senior Front End Software Developer,Backtracks,No office location,https://stackoverflow.com/jobs/523789
Front-end Engineer (Full-Remote in Japan*),PayPay Corporation.,"Tokyo, Japan",https://stackoverflow.com/jobs/292635
Software Engineer - Biotech startup helping dogs!,Embark Veterinary Inc.,"Boston, MA",https://stackoverflow.com/jobs/526658
Senior Full Stack Developer,OnCall Health,"Toronto, ON, Canada",https://stackoverflow.com/jobs/522342
Web Frontend Developer with an eye for professional user experience (m/f/d),Ergosign,"Hamburg, Deutschland",https://stackoverflow.com/jobs/456764
Full-stack Software Engineer,Otta,"London, UK",https://stackoverflow.com/jobs/501766
Web Frontend Developer with an eye for professional user experience (m/f/d),Ergosign,"Saarbrücken, Deutschland",https://stackoverflow.com/jobs/456766
Enterprise Software Engineer – Java (m/f/d),ProSiebenSat.1 Media SE,"München, Deutschland",https://stackoverflow.com/jobs/506410
"Backend Developer (Node.js, Salesforce) (Remote)",X-Team,No office location,https://stackoverflow.com/jobs/527167
Frontend Web Developer (m/w/d),EyeC GmbH,"Hamburg, Deutschland",https://stackoverflow.com/jobs/408135
Frontend Developer (m/f/d) at Netdoktor,Hubert Burda Media,"München, Deutschland",https://stackoverflow.com/jobs/523979
Lead Front-End Developer,UPowr Pty Ltd,"Sydney, Australia",https://stackoverflow.com/jobs/501472
Software Architect / Code Reviewer / Mentor - Part-time,Arcanys,No office location,https://stackoverflow.com/jobs/485542
Lead Full Stack Java Developer - Remote US,Lumen,No office location,https://stackoverflow.com/jobs/523482
Javascript Developer (React.js/Node.js),Imaginary Cloud,"Lisbon, Portugal",https://stackoverflow.com/jobs/525615
Full Stack Engineer,LeadIQ,No office location,https://stackoverflow.com/jobs/522484
Frontend Developer (LATAM REMOTE),Arative Technologies,No office location,https://stackoverflow.com/jobs/512369
(Senior) Full Stack Developer Fokus JavaScript (m/w/d) - Remote/deutschlandweit,IUBH Internationale Hochschule GmbH,No office location,https://stackoverflow.com/jobs/505619
Frontend Entwickler (w/m/d),brandung GmbH & Co. KG,"Köln, Deutschland",https://stackoverflow.com/jobs/252522
"Senior Backend Developer (C#, .Net) (Remote US Only)",X-Team,No office location,https://stackoverflow.com/jobs/527404
"Full Stack Programmierer / JavaScript, Node.js, AWS, REST API (m/w/d)",ifm-Unternehmensgruppe,"Siegen, Deutschland",https://stackoverflow.com/jobs/526755
Fullstack Java Developer,Centogene GmbH,"Rostock, Germany",https://stackoverflow.com/jobs/524813
Full Stack Senior/Mid-Level Software Engineer,Legna Software,"Winston-Salem, NC",https://stackoverflow.com/jobs/482933
"full-stack web developer (node.js, typescript)",code d'azur,"Amsterdam, Netherlands",https://stackoverflow.com/jobs/522428
"Senior Backend Developer (C#, .Net) (Remote US Only)",X-Team,No office location,https://stackoverflow.com/jobs/527404
Fullstack Java Developer,Centogene GmbH,"Rostock, Germany",https://stackoverflow.com/jobs/524813
Full Stack Engineer (m/w/d),MindDoc Health GmbH,"München, Deutschland",https://stackoverflow.com/jobs/525692
Senior Full-Stack (Ruby on Rails and Javascript) Developer Human,"Dorsata, Inc.",No office location,https://stackoverflow.com/jobs/312462
Software Engineer,UpMetrics,No office location,https://stackoverflow.com/jobs/496289
Full Stack Lead Software Engineer - Gift Cards (R8949),"Chewy, Inc.","Minneapolis, MN",https://stackoverflow.com/jobs/523898
Frontend Engineer,LiveSchool Inc.,No office location,https://stackoverflow.com/jobs/517128
Backend Developer (m/f/d) at Netdoktor,Hubert Burda Media,"München, Deutschland",https://stackoverflow.com/jobs/523903
Frontend Developer,Cognitive Space,"Houston, TX",https://stackoverflow.com/jobs/518222
DevOps Engineer,Youtility Solar,"Woods Cross, UT",https://stackoverflow.com/jobs/409581
Senior Frontend Developer,Centogene GmbH,"Beograd, Serbia",https://stackoverflow.com/jobs/525830
.NET Developer,Addison Group,"Nashville, TN",https://stackoverflow.com/jobs/521778
Digital-Senior Software/Lead Engineer-System Infra,FactSet,"Hyderabad, India",https://stackoverflow.com/jobs/461321
"Web Developer (w/m/d) – Java, JavaScript, TypeScript",INFORM - Institut für Operations Research und Management GmbH,"Aachen, Deutschland",https://stackoverflow.com/jobs/525574
Front-End Developer,Imaginary Cloud,"Lisbon, Portugal",https://stackoverflow.com/jobs/526601
Senior Software Engineer I at Interactive Benefits Communications Platform,The Jellyvision Lab Inc.,No office location,https://stackoverflow.com/jobs/500471
Senior/Lead Software Engineer,CV Partner,"London, UK",https://stackoverflow.com/jobs/471140
Senior Frontend Engineer - Databento (Fully Remote),Unusual Ventures,No office location,https://stackoverflow.com/jobs/524277
Softwareentwickler / Software Engineer - Sensorsysteme (m/w/d),SICK AG,"Hamburg, Deutschland",https://stackoverflow.com/jobs/524827
Experienced Ruby Developer,SimplePay,No office location,https://stackoverflow.com/jobs/516780
Frontend Developer (Remote),Soshace LLC,No office location,https://stackoverflow.com/jobs/516945
Senior Frontend Engineer (f/m/d),real.digital,"Köln, Deutschland",https://stackoverflow.com/jobs/501205
Software Engineer (Backend),Fei Siong Food Management Pte. Ltd.,Singapore,https://stackoverflow.com/jobs/512398
PHP Developer for BLOX CMS,TownNews,"East Moline, IL",https://stackoverflow.com/jobs/431681
"full-stack web developer (node.js, typescript)",code d'azur,"Amsterdam, Netherlands",https://stackoverflow.com/jobs/522428
Full Stack Web Developer (m/w/d),EyeC GmbH,"Hamburg, Deutschland",https://stackoverflow.com/jobs/408137
Full Stack Java Developer,Lumen,"Town and Country, MO",https://stackoverflow.com/jobs/524063
Team Lead Engineering (f/m/d),Receeve GmbH,"Hamburg, Deutschland",https://stackoverflow.com/jobs/521770
Frontend-Developer (m/f/d),TOPdesk,"Kaiserslautern, Deutschland",https://stackoverflow.com/jobs/465950
Full-stack Software Developer,Dryden Group,No office location,https://stackoverflow.com/jobs/526236
Full Stack Javascript Developer (m/w/d),Klassik Radio AG,"Augsburg, Deutschland",https://stackoverflow.com/jobs/474719
Senior Go Engineer at Openly - Insurtech,Openly,No office location,https://stackoverflow.com/jobs/500599
Testautomatisierer (m/w/d),Computer FuturesviaComputer Futures Solutions GmbH,"Hamburg, Germany",https://stackoverflow.com/jobs/524714
Digital-Senior Software/Lead Engineer-System Infra,FactSet,"Hyderabad, India",https://stackoverflow.com/jobs/461321
Scientific Full-Stack Developer (m/f/d),BASF,"Ludwigshafen am Rhein, Deutschland",https://stackoverflow.com/jobs/523972
Full-Stack Developer,FlexEarn,"London, UK",https://stackoverflow.com/jobs/485775
Senior Front-End (FE) Developer,springbig inc.,"Boca Raton, FL",https://stackoverflow.com/jobs/525766
Web Frontend Softwareentwickler (m/w/d),CADENAS GmbH,"Augsburg, Deutschland",https://stackoverflow.com/jobs/508307
Software Engineer,"PWNHealth, LLC","New York, NY",https://stackoverflow.com/jobs/500265
Full-Stack Software Engineer,Captivation Software,"Fort Meade, MD",https://stackoverflow.com/jobs/525427
Senior Node/React Full-Stack Developer,"Gorilla Logic, Inc.",No office location,https://stackoverflow.com/jobs/523491
Join the Crew – Ambitious Full Stack Software Engineer (all genders),Spaceteams GmbH,"Hamburg, Germany",https://stackoverflow.com/jobs/521784
Full-stack Software Engineer,PrestaCap Services,"Berlin, Germany",https://stackoverflow.com/jobs/406189
Senior Frontend Engineer - Databento (Fully Remote),Unusual Ventures,No office location,https://stackoverflow.com/jobs/524277
Senior Full Stack Developer,Dash HudsonviaAlongside,"Halifax, NS, Canada",https://stackoverflow.com/jobs/515562
Full-Stack Technical Lead,SSENSE,"Montreal, QC, Canada",https://stackoverflow.com/jobs/521742
(Senior) Frontend Software Engineer (m/f/d),Charles GmbH,"Berlin, Germany",https://stackoverflow.com/jobs/499379
Cloud Software Engineer Fullstack,Franke Kaffeemaschinen AG,"Aarburg, Schweiz",https://stackoverflow.com/jobs/436902
Senior JavaScript Developer (f/m/x),diconium group,"Stuttgart, Deutschland",https://stackoverflow.com/jobs/526154
Senior Full Stack Developer,Dash HudsonviaAlongside,"Halifax, NS, Canada",https://stackoverflow.com/jobs/515562
Software Engineer,"PWNHealth, LLC","New York, NY",https://stackoverflow.com/jobs/500265
"Remote Senior Software Engineer, Javascript",Verys,No office location,https://stackoverflow.com/jobs/526802
"Software Engineer (Remote Only, US)",Osso VR,No office location,https://stackoverflow.com/jobs/462304
Senior Python Developer,Addison Group,"Plano, TX",https://stackoverflow.com/jobs/521499
(Senior) Fullstack Entwickler (m/w/d),BoschviaComputer Futures Solutions GmbH,"Stuttgart, Deutschland",https://stackoverflow.com/jobs/525341
"Software Engineer, Frontend (Remote)",Brex,No office location,https://stackoverflow.com/jobs/525275
Software Engineer/ Senior Software Engineer - JavaScript Developer,FactSet,"Hyderabad, India",https://stackoverflow.com/jobs/506362
Frontend-Entwickler (m/w/d),onOffice GmbH,"Aachen, Deutschland",https://stackoverflow.com/jobs/430751
(Senior) Frontend Software Engineer (m/f/d),Charles GmbH,"Berlin, Germany",https://stackoverflow.com/jobs/499379
Frontend Developer,SUSE,No office location,https://stackoverflow.com/jobs/524557
Lead .NET Developer,Addison Group,"Franklin, TN",https://stackoverflow.com/jobs/526998
Remote-first: (Senior) Frontend-Engineer (m/w/d),Beyond Interfaces GmbH & Co. KG,"Cologne, Germany",https://stackoverflow.com/jobs/522734
Fullstack Software Developer (Java/JavaScript) (m/w/d),FTAPI Software GmbH,"München, Deutschland",https://stackoverflow.com/jobs/217452
Full Stack Developer (m/w/d),"Sthree GmbHviaProgressive, ein Geschäftszweig der SThree GmbH","Dortmund, Deutschland",https://stackoverflow.com/jobs/524038
Senior .NET Software Engineer,Emergent Software,"Minneapolis, MN",https://stackoverflow.com/jobs/527184
Frontend Developer,Frequenz Energy-as-a-Service GmbH,"Berlin, Germany",https://stackoverflow.com/jobs/492897
Senior Backend Engineer - Piñata Farms (Los Angeles),Unusual Ventures,"Los Angeles, CA",https://stackoverflow.com/jobs/490533
(Senior) Full Stack Developer with focus on PHP (m/f/d) - Full-/Part-time,IUBH Internationale Hochschule GmbH,No office location,https://stackoverflow.com/jobs/505623
Join the Crew – Ambitious Full Stack Software Engineer (all genders),Spaceteams GmbH,"Hamburg, Germany",https://stackoverflow.com/jobs/521784
Frontend Engineer (f/m/d),VoiceLine,"Munich, Germany",https://stackoverflow.com/jobs/522164
Front-End Team Leader,Applancer JSCviaTopDev,"Tân Bình, Vietnam",https://stackoverflow.com/jobs/512403
Software Developer (Java),Surevine,No office location,https://stackoverflow.com/jobs/525706
Junior Project Developer JavaScript,FactSet,"Frankfurt am Main, Germany",https://stackoverflow.com/jobs/525860
Testautomatisierer (m/w/d),Computer FuturesviaComputer Futures Solutions GmbH,"Hamburg, Germany",https://stackoverflow.com/jobs/524714
Web Application Developer,Jacobs Digital LLC,"Detroit, MI",https://stackoverflow.com/jobs/524776
Software Engineer (Cloud),Nexthink,"Madrid, Spain",https://stackoverflow.com/jobs/507644
Senior JavaScript Developer (f/m/x),diconium group,"Stuttgart, Deutschland",https://stackoverflow.com/jobs/526154
Frontend developer (NextJS/React) with a passion for open source,5 Monkeys Agency ABvia5 Monkeys Agency AB,"Stockholm, Sweden",https://stackoverflow.com/jobs/518074
Senior Software Developer / Team Lead,Creative Mines,"Madison, WI",https://stackoverflow.com/jobs/500244
Join the Crew – Passionate Senior Software Engineer (all genders),Spaceteams GmbH,"Hamburg, Germany",https://stackoverflow.com/jobs/521940
Senior Software Developer,Quantum Mob,"Toronto, ON, Canada",https://stackoverflow.com/jobs/526111
Senior .NET Software Engineer,Emergent Software,"Minneapolis, MN",https://stackoverflow.com/jobs/527184
Full Stack Developer,"Ciber Global, LLC","Dearborn, MI",https://stackoverflow.com/jobs/521189
Android Software Engineer,"Ciber Global, LLC","Orlando, FL",https://stackoverflow.com/jobs/518610
Senior Software Engineer,VIZIO,"Denver, CO",https://stackoverflow.com/jobs/522670
(Senior) Full Stack Developer with focus on PHP (m/f/d) - Full-/Part-time,IUBH Internationale Hochschule GmbH,No office location,https://stackoverflow.com/jobs/505623
Framtunga utvecklare till Cygni,Cygni,"Stockholm, Sweden",https://stackoverflow.com/jobs/447407
Senior Full-stack Web Developer,F-Secure,"Poznań, Poland",https://stackoverflow.com/jobs/526479
Senior Ruby on Rails Developer - Solve interesting problems from home!,Ascent,No office location,https://stackoverflow.com/jobs/503122
Senior Software Engineer (Full-Stack Web Apps),Direct Supply,"Milwaukee, WI",https://stackoverflow.com/jobs/494559
Fullstack Web-Entwickler PHP/React (m/w/d) in Bremen,hmmh multimediahaus AG,"Bremen, Deutschland",https://stackoverflow.com/jobs/526714
PHP Developer,Applaudo Studios,No office location,https://stackoverflow.com/jobs/526444
Frontend Engineer (f/m/d),VoiceLine,"Munich, Germany",https://stackoverflow.com/jobs/522164
Software Developer (Java),Surevine,No office location,https://stackoverflow.com/jobs/525706
*REMOTE* Senior Kotlin (Java) Backend Engineer (m/w/d) TVNOW Streaming Plattform,"AVANTGARDE - ""Creating Fans""",No office location,https://stackoverflow.com/jobs/468935
Senior Software Engineer,Patron Technology,No office location,https://stackoverflow.com/jobs/522009
Frontend Web Developer,Skillhouse Staffing Solutions,"Tokyo, Japan",https://stackoverflow.com/jobs/470540
Senior Full Stack Developer/ Team Lead,Creative Mines,"Minneapolis, MN",https://stackoverflow.com/jobs/500268
Software Developer,uShip,"Austin, TX",https://stackoverflow.com/jobs/521897
Front End Developer (f/m/d),Receeve GmbH,"Hamburg, Deutschland",https://stackoverflow.com/jobs/505603
Senior Backend Engineer - Piñata Farms (Los Angeles),Unusual Ventures,"Los Angeles, CA",https://stackoverflow.com/jobs/490533
Java Developer with a lot of freedom in your job,TOPdesk,"Delft, Netherlands",https://stackoverflow.com/jobs/425992
Senior Fullstack Developer,Cunexus,No office location,https://stackoverflow.com/jobs/524885
Full-Stack Technical Lead,SSENSE,"Austin, TX",https://stackoverflow.com/jobs/521737
Full Stack Developer (Django + React),Self Decode,No office location,https://stackoverflow.com/jobs/524866
Full stack developer,Online Partner AB,"Hägersten, Sweden",https://stackoverflow.com/jobs/339146
Frontend/Mobile Developer (m/w/d),CtrlMovie AG,"Stuttgart, Deutschland",https://stackoverflow.com/jobs/380076
Senior UI Software Engineer,VIZIO,"Denver, CO",https://stackoverflow.com/jobs/522671
Software Engineer – Java (m/f/d),ProSiebenSat.1 Media SE,"München, Deutschland",https://stackoverflow.com/jobs/506407
Frontend Developer II - Remote (Outside US),Agiloft,No office location,https://stackoverflow.com/jobs/527045
Senior Fullstack Developer (f/m/d),Greentube Internet Entertainment Solutions GmbH,"Vienna, Austria",https://stackoverflow.com/jobs/527010
Full Stack Developer,Quantum Mob,"Toronto, ON, Canada",https://stackoverflow.com/jobs/526112
Experienced Fullstack PHP/Symfony Developer,roadsurfer GmbH,"München, Deutschland",https://stackoverflow.com/jobs/497587
Full Stack Web Developer,Bloomreach,"Amsterdam, Netherlands",https://stackoverflow.com/jobs/487279
Software Developer - Frontend Analytics,RaySearch Laboratories AB (publ),"Stockholm, Sweden",https://stackoverflow.com/jobs/524974
Senior Web UI Engineer (Contract),Demand.io,"Los Angeles, CA",https://stackoverflow.com/jobs/523582
"Senior Software Engineer, UI- Pet Health- R8094","Chewy, Inc.","Minneapolis, MN",https://stackoverflow.com/jobs/513973
"Senior Software Engineer, UI - Pet Health-R8094","Chewy, Inc.","Boston, MA",https://stackoverflow.com/jobs/513971
Software Engineer – React,LifeOmic,"Indianapolis, IN",https://stackoverflow.com/jobs/519007
Senior Software Engineer,VIZIO,"Denver, CO",https://stackoverflow.com/jobs/522670
"Awesome Full-Stack Software Engineer - Java, Python, JavaScript (Fully Cleared)",Erias Ventures,"Annapolis Junction, MD",https://stackoverflow.com/jobs/432032
Full Stack Developer,"Ciber Global, LLC","Dearborn, MI",https://stackoverflow.com/jobs/521189
Web Developer (Fullstack) (m/w/d),port-neo Group GmbH,"Stuttgart, Deutschland",https://stackoverflow.com/jobs/525832
Framtunga utvecklare till Cygni,Cygni,"Stockholm, Sweden",https://stackoverflow.com/jobs/447407
Frontend Developer / Headless Expert,Magnolia International Ltd.,No office location,https://stackoverflow.com/jobs/525573
Frontend/Mobile Developer (m/w/d),CtrlMovie AG,"Stuttgart, Deutschland",https://stackoverflow.com/jobs/380076
Senior Fullstack Developer,Cunexus,No office location,https://stackoverflow.com/jobs/524885
Softwareentwickler (m/w/d) Web Frontend - Remote oder vor Ort,dsb ebusiness,"Frankfurt am Main, Deutschland",https://stackoverflow.com/jobs/521137
Senior JavaScript Developer,Särmä Digital Oy,No office location,https://stackoverflow.com/jobs/330722
Java Developer with a lot of freedom in your job,TOPdesk,"Delft, Netherlands",https://stackoverflow.com/jobs/425992
(Senior) Software Engineer BILD.de (m/f/d),Axel Springer National Media & Tech,"Berlin, Deutschland",https://stackoverflow.com/jobs/497566
UI Developer,"Confluence Technologies, Inc.","London, UK",https://stackoverflow.com/jobs/521992
Remote Node.js Developer - Spring - Revolutionary e-Commerce Platform,SpringviaSource Coders,No office location,https://stackoverflow.com/jobs/526799
Web Developer (Fullstack) (m/w/d),port-neo Group GmbH,"Stuttgart, Deutschland",https://stackoverflow.com/jobs/525832
Full Stack Developer,Quantum Mob,"Toronto, ON, Canada",https://stackoverflow.com/jobs/526112
Mobile APP Developers - Leading Electronics Company,Pyronix,"Doncaster, UK",https://stackoverflow.com/jobs/524940
Senior .Net Web Developer (Remote),BlueModus,No office location,https://stackoverflow.com/jobs/525448
Backend Engineer,Alice,"São Paulo, Brazil",https://stackoverflow.com/jobs/513756
"Senior Software Engineer (Javascript/Typescript, React/Redux,Node)",Even Financial,"New York, NY",https://stackoverflow.com/jobs/460779
Software Developer - Frontend Analytics,RaySearch Laboratories AB (publ),"Stockholm, Sweden",https://stackoverflow.com/jobs/524974
"Senior Software Engineer, UI- Pet Health- R8094","Chewy, Inc.","Minneapolis, MN",https://stackoverflow.com/jobs/513973
"Senior Software Engineer, UI - Pet Health-R8094","Chewy, Inc.","Boston, MA",https://stackoverflow.com/jobs/513971
PHP (FullStack) Entwickler (m/w/d) 100% Remote,Computer FuturesviaComputer Futures Solutions GmbH,"Dortmund, Germany",https://stackoverflow.com/jobs/524216
Platform Engineer,Blackshark.ai GmbH,"Graz, Austria",https://stackoverflow.com/jobs/507976
Software Engineer – React,LifeOmic,"Indianapolis, IN",https://stackoverflow.com/jobs/519007
Senior Frontend Developer -design modern accessible public services for citizens,UK Home Office,"Croydon, UK",https://stackoverflow.com/jobs/526777
Development Manager / Principal Developer,SilverDoor,"London, UK",https://stackoverflow.com/jobs/526195
Developer Frontend/ Backend/ Fullstack m/w/d,MARC O'POLO International GmbH,"Stephanskirchen, Deutschland",https://stackoverflow.com/jobs/519513
Software-Developer (m/w/d) für den Bereich Schuldigitalisierung,IServ GmbH,"Braunschweig, Deutschland",https://stackoverflow.com/jobs/525699
Senior Software Engineer (Node),"Jack Henry & Associates, Inc.®",No office location,https://stackoverflow.com/jobs/471201
Remote Node.js Developer - Spring - Revolutionary e-Commerce Platform,SpringviaSource Coders,No office location,https://stackoverflow.com/jobs/526799
Mobile APP Developers - Leading Electronics Company,Pyronix,"Doncaster, UK",https://stackoverflow.com/jobs/524940
Senior .Net Web Developer (Remote),BlueModus,No office location,https://stackoverflow.com/jobs/525448
Senior Frontend Developer,MultiTracks.com,"Cedar Park, TX",https://stackoverflow.com/jobs/526425
Front End Technical Lead: remote + get-togethers nr. Bristol,EpimorphicsviaTechfolk Ltd,"Bristol, UK",https://stackoverflow.com/jobs/523220
"Senior Software Engineer (Javascript/Typescript, React/Redux,Node)",Even Financial,"New York, NY",https://stackoverflow.com/jobs/460779
PHP (FullStack) Entwickler (m/w/d) 100% Remote,Computer FuturesviaComputer Futures Solutions GmbH,"Dortmund, Germany",https://stackoverflow.com/jobs/524216
Front-end Developer,HOTMART,"Belo Horizonte, Brazil",https://stackoverflow.com/jobs/526776
Senior Frontend Engineer (React + Typescript),Bigblue,"Paris, France",https://stackoverflow.com/jobs/505291
Senior UI Developer interested in collaborative hardware development,Wikifactory,No office location,https://stackoverflow.com/jobs/448569
Developer Frontend/ Backend/ Fullstack m/w/d,MARC O'POLO International GmbH,"Stephanskirchen, Deutschland",https://stackoverflow.com/jobs/519513
Senior Frontend Developer ioki (f/m/d),ioki GmbH,"Frankfurt am Main, Deutschland",https://stackoverflow.com/jobs/526499
Software-Developer (m/w/d) für den Bereich Schuldigitalisierung,IServ GmbH,"Braunschweig, Deutschland",https://stackoverflow.com/jobs/525699
E-Commerce Software-Entwickler Full-Stack (M/W/D),POET GmbH,"Karlsruhe, Deutschland",https://stackoverflow.com/jobs/417417
Software Engineer (m/w/d),wearTell Deutschland GmbH,"Hamburg, Deutschland",https://stackoverflow.com/jobs/518590
Solutions Lead & Web Architect (Microsoft Stack) - Remote,BlueModus,No office location,https://stackoverflow.com/jobs/525102
Senior Full Stack Developer/ Team Lead,Creative Mines,"Hancock, MI",https://stackoverflow.com/jobs/500245
Site Reliability Engineer / Full Stack Developer (w/m/d) eCommerce,mobilcom-debitel GmbH,"Hamburg, Deutschland",https://stackoverflow.com/jobs/526175
Senior / Mid-Level Frontend Developer,Graph Aware Limited,No office location,https://stackoverflow.com/jobs/505282
Software Developer (gn) C# / .NET,SoftwareONE Deutschland GmbH,"Leipzig, Germany",https://stackoverflow.com/jobs/526078
Frontend Engineer,aklamio,"Berlin, Germany",https://stackoverflow.com/jobs/525684
Full Stack Software Engineer,iKhokha,"Umhlanga, South Africa",https://stackoverflow.com/jobs/302216
Talented Front End developer,Apicbase Belgium,No office location,https://stackoverflow.com/jobs/526988
Senior Full-Stack Engineer (United Income),Capital One Financial Corporation,"McLean, VA",https://stackoverflow.com/jobs/527210
Tech Lead (Python),Belvo Technologies,No office location,https://stackoverflow.com/jobs/526865
Fullstack Entwickler (m/w/d) in Hamburg,Computer FuturesviaComputer Futures Solutions GmbH,"Hamburg, Germany",https://stackoverflow.com/jobs/522732
Fullstack Engineer – Live Engagement,SpotMe,No office location,https://stackoverflow.com/jobs/522025
Software Developer - Focused on PHP (f/m/d),CA Customer Alliance GmbH,"Berlin, Germany",https://stackoverflow.com/jobs/423543
Frontend Web Developer,Hatfield Media,"Louisville, KY",https://stackoverflow.com/jobs/519272
Ruby on Rails Developer,Jobandtalent,"Madrid, Spain",https://stackoverflow.com/jobs/524700
Senior Java Engineer- Gift Cards- R8949,"Chewy, Inc.","Boston, MA",https://stackoverflow.com/jobs/523897
Front-end Developer,HOTMART,"Belo Horizonte, Brazil",https://stackoverflow.com/jobs/526776
Full Stack Developer,Apple,"Bengaluru, India",https://stackoverflow.com/jobs/525534
Front End Developer,Agentur LOOP New Media GmbH,"Salzburg, Österreich",https://stackoverflow.com/jobs/107462
"Full Stack JavaScript Developer and Consultant (Full time, Remote)",Bitovi,"Chicago, IL",https://stackoverflow.com/jobs/524260
Fullstack Developer (m/w/d) remote,best it GmbH & Co. KG,No office location,https://stackoverflow.com/jobs/512059
Senior Frontend Engineer (React + Typescript),Bigblue,"Paris, France",https://stackoverflow.com/jobs/505291
Full-Stack Developer (m/w/d),BRAINPOOL TV GmbH,"Köln, Deutschland",https://stackoverflow.com/jobs/520654
Application Manager PHP,FactSet,"Frankfurt am Main, Germany",https://stackoverflow.com/jobs/526471
Front End Developer,Greenhost,"Amsterdam, Netherlands",https://stackoverflow.com/jobs/524919
Senior Software Engineer (Full Stack),Varsity Tutors,No office location,https://stackoverflow.com/jobs/526440
Ruby on Rails Developer,Imaginary Cloud,"Lisbon, Portugal",https://stackoverflow.com/jobs/526875
Enterprise Software Developer,Dreamscape Immersive,"Culver City, CA",https://stackoverflow.com/jobs/525659
Senior Frontend Developer ioki (f/m/d),ioki GmbH,"Frankfurt am Main, Deutschland",https://stackoverflow.com/jobs/526499
Senior UI Developer interested in collaborative hardware development,Wikifactory,No office location,https://stackoverflow.com/jobs/448569
Senior Software Engineer Web Front-end (m/w/d),ti&m AG,"Frankfurt am Main, Deutschland",https://stackoverflow.com/jobs/522396
Senior Backend Developer,Soul Machines Limited,"Phoenix, AZ",https://stackoverflow.com/jobs/503102
Solutions Lead & Web Architect (Microsoft Stack) - Remote,BlueModus,No office location,https://stackoverflow.com/jobs/525102
SW-Entwickler C#/.NET und Web-Entwicklung (m/w/d) unseres Produktes Visit,ASTRUM IT GmbH,"Erlangen, Deutschland",https://stackoverflow.com/jobs/485931
Full Stack Developer Mobile Gaming (m/w/d),Lotum GmbH,"Bad Nauheim, Deutschland",https://stackoverflow.com/jobs/372990
Front End Developer,Agentur LOOP New Media GmbH,"Salzburg, Österreich",https://stackoverflow.com/jobs/107462
"Full Stack JavaScript Developer and Consultant (Full time, Remote)",Bitovi,"Chicago, IL",https://stackoverflow.com/jobs/524260
Full-Stack Developer (m/w/d),BRAINPOOL TV GmbH,"Köln, Deutschland",https://stackoverflow.com/jobs/520654
Back-End Developer,Imaginary Cloud,"Lisbon, Portugal",https://stackoverflow.com/jobs/524844
Senior Backend Developer,Soul Machines Limited,"Phoenix, AZ",https://stackoverflow.com/jobs/503102
(Senior) Web/Mobile Developer (m/w/d),Lotum GmbH,"Frankfurt am Main, Deutschland",https://stackoverflow.com/jobs/372988
Tech Lead with a back-end profile,Novo Nordisk A/S,"Søborg, Denmark",https://stackoverflow.com/jobs/525324
Frontend Developer (m/w/d),RheinEnergie AG,"Köln, Deutschland",https://stackoverflow.com/jobs/506045
Ruby on Rails Developer,Imaginary Cloud,"Lisbon, Portugal",https://stackoverflow.com/jobs/526875
(Senior) Fullstack Developer (m/w/d),tarent solutions GmbH,"Bonn, Deutschland",https://stackoverflow.com/jobs/494511
Senior Frontend Developer 100%,at-point ag,"Zürich, Switzerland",https://stackoverflow.com/jobs/519610
Senior Java fejlesztő,UNIQA Raiffeisen Software Service Kft.,"Budapest, Ungarn",https://stackoverflow.com/jobs/515490
Senior Software Engineer Web Front-end (m/w/d),ti&m AG,"Frankfurt am Main, Deutschland",https://stackoverflow.com/jobs/522396
Senior Full Stack Engineer - Cyber Security,Myra Security GmbH,"München, Deutschland",https://stackoverflow.com/jobs/466848
Front end Data Visualisation Engineer,Neo4j,"London, UK",https://stackoverflow.com/jobs/501802
Sr. Frontend Developer,EVS llc,"Westminster, CO",https://stackoverflow.com/jobs/525755
Senior Full-Stack Engineer (United Income),Capital One Financial Corporation,"McLean, VA",https://stackoverflow.com/jobs/527311
Frontend Developer,OxylabsviaInvest Lithuania,"Vilnius, Lithuania",https://stackoverflow.com/jobs/524482
Software Architect (Django/Flask + React),Self Decode,No office location,https://stackoverflow.com/jobs/522628
Senior .NET Developer,AIM,No office location,https://stackoverflow.com/jobs/526617
Javascript Developer - Angular or Node.js,Arcanys,"Cebu City, Philippines",https://stackoverflow.com/jobs/243375
Full Stack Technical Lead,SSENSE,"Toronto, ON, Canada",https://stackoverflow.com/jobs/516156
iOS Developer,"Ciber Global, LLC","Orlando, FL",https://stackoverflow.com/jobs/518630
SW-Entwickler C#/.NET und Web-Entwicklung (m/w/d) unseres Produktes Visit,ASTRUM IT GmbH,"Erlangen, Deutschland",https://stackoverflow.com/jobs/485931
Desarrollador/a de software C #,Hahn Softwareentwicklung,"Maxhütte-Haidhof, Deutschland",https://stackoverflow.com/jobs/499656
Fullstack Developer (m/w/d) remote,best it GmbH & Co. KG,No office location,https://stackoverflow.com/jobs/512059
Tech Lead with a back-end profile,Novo Nordisk A/S,"Søborg, Denmark",https://stackoverflow.com/jobs/525324
Frontend Developer (m/w/d),RheinEnergie AG,"Köln, Deutschland",https://stackoverflow.com/jobs/506045
(Senior) Fullstack Developer (m/w/d),tarent solutions GmbH,"Bonn, Deutschland",https://stackoverflow.com/jobs/494511
Senior Frontend Developer 100%,at-point ag,"Zürich, Switzerland",https://stackoverflow.com/jobs/519610
Full Stack Engineer,Deepgram,"San Francisco, CA",https://stackoverflow.com/jobs/430520
Senior Ruby on Rails Engineer,Hubstaff,No office location,https://stackoverflow.com/jobs/526135
E-commerce und Plugin / Theme Entwickler (m/w/d),SOLIT Management GmbH,"Wiesbaden, Deutschland",https://stackoverflow.com/jobs/518171
Senior Java fejlesztő,UNIQA Raiffeisen Software Service Kft.,"Budapest, Ungarn",https://stackoverflow.com/jobs/515490
(Senior) Backend Engineer (all genders),Goodgame Studios,"Hamburg, Deutschland",https://stackoverflow.com/jobs/526047
Software Engineering Manager,ACV Auctions,"Buffalo, NY",https://stackoverflow.com/jobs/517049
Senior Front End engineer,QuantumBlack,"London, UK",https://stackoverflow.com/jobs/372741
Senior Software Engineering Manager,ACV Auctions,"Buffalo, NY",https://stackoverflow.com/jobs/517055
Frontend Developer,OxylabsviaInvest Lithuania,"Vilnius, Lithuania",https://stackoverflow.com/jobs/524482
Software Architect (Django/Flask + React),Self Decode,No office location,https://stackoverflow.com/jobs/522628
Product Owner,Open Systems AG,"Zürich, Switzerland",https://stackoverflow.com/jobs/521991
Javascript Developer - Angular or Node.js,Arcanys,"Cebu City, Philippines",https://stackoverflow.com/jobs/243375
Full Stack Technical Lead,SSENSE,"Toronto, ON, Canada",https://stackoverflow.com/jobs/516156
"Javascript Developer - React, Angular or Node.js",Arcanys,"Manila, Philippines",https://stackoverflow.com/jobs/243364
Web Solution Architect,ti&m AG,"Zürich, Schweiz",https://stackoverflow.com/jobs/522338
Front-End Developer with Wordpress Expertise,"Duckpin Design, LLC.","Towson, MD",https://stackoverflow.com/jobs/468074
UX / UI Specialist,TheVentury GmbH,"Wien, Österreich",https://stackoverflow.com/jobs/527107
Developer - Web UI,Agrian Inc.,"Clovis, CA",https://stackoverflow.com/jobs/451025
Full Stack Web Developer (m/f/d),QuickBird Studios GmbH,"München, Germany",https://stackoverflow.com/jobs/367236
Sr. Web Developer,Brave Software,No office location,https://stackoverflow.com/jobs/524877
Master Front-End Engineer (United Income),Capital One Financial Corporation,"McLean, VA",https://stackoverflow.com/jobs/527216
Big Data Engineer (i.e. Hadoop),Imaginary Cloud,"Lisbon, Portugal",https://stackoverflow.com/jobs/526873
(Senior) Backend Engineer (all genders),Goodgame Studios,"Hamburg, Deutschland",https://stackoverflow.com/jobs/526047
Lead Front End Engineer,The LEGO Group,"Billund, Denmark",https://stackoverflow.com/jobs/527013
Software-Entwickler (m/w/d) mit Schwerpunkt Web-Anwendungen im Java-Umfeld,topdev GmbH,"Erfurt, Deutschland",https://stackoverflow.com/jobs/520032
Fullstackutvecklande Cygnian,Cygni,"Stockholm, Sweden",https://stackoverflow.com/jobs/447405
Full Stack Developer,Rakettitiede,"Helsinki, Finland",https://stackoverflow.com/jobs/522743
Frontend Developer (React.js/Angular.js & Node.js),UK Home Office,"Croydon, UK",https://stackoverflow.com/jobs/526778
E-commerce und Plugin / Theme Entwickler (m/w/d),SOLIT Management GmbH,"Wiesbaden, Deutschland",https://stackoverflow.com/jobs/518171
Fullstack Developer (m/w/d),best it GmbH & Co. KG,"Amstetten, Österreich",https://stackoverflow.com/jobs/512061
Fullstack Developer (m/w/d),best it GmbH & Co. KG,"Berlin, Deutschland",https://stackoverflow.com/jobs/368833
Fullstack Software-Entwickler (m/w/d),Heise Knowledge GmbH & Co. KG,"Hannover, Deutschland",https://stackoverflow.com/jobs/522409
Senior Full Stack Developer,AutoRek,"Edinburgh, UK",https://stackoverflow.com/jobs/520638
Fullstack Developer,funda,"Amsterdam, Netherlands",https://stackoverflow.com/jobs/517353
Senior Ruby on Rails Engineer,Hubstaff,No office location,https://stackoverflow.com/jobs/526135
Senior Frontend Developer (f/m/d),1&1 Mail & Media Applications SE - WEB.DE | GMX | 1&1 | mail.com,"Karlsruhe, Deutschland",https://stackoverflow.com/jobs/506390
Front End Developer,Nurun,No office location,https://stackoverflow.com/jobs/523579
Software Engineer - Frontend,adidas Zaragoza Tech Hub,"Zaragoza, Spain",https://stackoverflow.com/jobs/500197
Backend Engineer,Everli,No office location,https://stackoverflow.com/jobs/526620
Senior Software Engineering Manager,ACV Auctions,"Buffalo, NY",https://stackoverflow.com/jobs/517055
Web Solution Architect,ti&m AG,"Zürich, Schweiz",https://stackoverflow.com/jobs/522338
Senior Software Engineer II at Interactive Benefits Communications Platform,The Jellyvision Lab Inc.,No office location,https://stackoverflow.com/jobs/522831
Software-Developer (m/f/d),TOPdesk,"Kaiserslautern, Deutschland",https://stackoverflow.com/jobs/465952
Backend Engineer,trivago N.V.,"Düsseldorf, Germany",https://stackoverflow.com/jobs/527163
Software Engineer - SDVI DevOps,SDVI,No office location,https://stackoverflow.com/jobs/451626
Full Stack Web Developer (m/f/d),QuickBird Studios GmbH,"München, Germany",https://stackoverflow.com/jobs/367236
Full Stack Mobile Developer (Flutter) (w/m/d),Lotum GmbH,"Frankfurt am Main, Deutschland",https://stackoverflow.com/jobs/526742
Fullstack Developer,funda,"Amsterdam, Netherlands",https://stackoverflow.com/jobs/517353
Full Stack Engineer,Beatrust Inc.,"Minato City, Japan",https://stackoverflow.com/jobs/429319
Senior PHP Software Developer,Just Eat Takeaway.com,"Sofia, Bulgaria",https://stackoverflow.com/jobs/523480
Azure Full Stack Developer,Innofactor Oyj,"Espoo, Finland",https://stackoverflow.com/jobs/517279
Senior Full Stack Developer,AutoRek,"Edinburgh, UK",https://stackoverflow.com/jobs/520638
ARCHITECTE SI (F/H),Octo Technology,"Paris, France",https://stackoverflow.com/jobs/445451
Software Engineer - Frontend,adidas Zaragoza Tech Hub,"Zaragoza, Spain",https://stackoverflow.com/jobs/500197
Fullstack Software Engineer (f/m/d),Trusted Shops GmbH,No office location,https://stackoverflow.com/jobs/523625
Full Stack Developer,Servian,"Sydney, Australia",https://stackoverflow.com/jobs/424942
Experienced Java Developer with a lot of freedom in your work,TOPdesk,"Budapest, Hungary",https://stackoverflow.com/jobs/460593
Full Stack -kehittäjä / avoin hakemus,CGI Suomi,"Helsinki, Finland",https://stackoverflow.com/jobs/522769
Frontend Developer (w/m/d),zeb.it,"Münster, Deutschland",https://stackoverflow.com/jobs/522550
Sr. Web Developer,Brave Software,No office location,https://stackoverflow.com/jobs/524877
Front-End Developer with Wordpress Expertise,"Duckpin Design, LLC.","Towson, MD",https://stackoverflow.com/jobs/468074
QA Engineer (f/m/d),dreamIT GmbH,"Hamburg, Deutschland",https://stackoverflow.com/jobs/523988
Full Stack Developer,nowon AG,"Winterthur, Schweiz",https://stackoverflow.com/jobs/518957
Senior Frontend Software Engineer (Europe),Circle,No office location,https://stackoverflow.com/jobs/496058
Fullstack Engineer – Content,SpotMe,No office location,https://stackoverflow.com/jobs/522023
Backend Engineer,trivago N.V.,"Düsseldorf, Germany",https://stackoverflow.com/jobs/527163
Junior Developer,Ontario Digital Service,"Toronto, ON, Canada",https://stackoverflow.com/jobs/527027
Software-Developer (m/f/d),TOPdesk,"Kaiserslautern, Deutschland",https://stackoverflow.com/jobs/465952
Frontend Software Engineer (React),Idelic Inc,"Pittsburgh, PA",https://stackoverflow.com/jobs/493257
Full Stack Software Engineer,Applied,No office location,https://stackoverflow.com/jobs/526830
Full Stack Developer (m/w/d) lexoffice,Haufe Group,"Freiburg im Breisgau, Germany",https://stackoverflow.com/jobs/455781
Backend Developer (PHP),Videoslots,"Pietà, Malta",https://stackoverflow.com/jobs/519483
Medium-level/Senior Frontend Developer,memoQ,"Budapest, Hungary",https://stackoverflow.com/jobs/524487
React Web Developer,Carbonara,No office location,https://stackoverflow.com/jobs/510708
Senior PHP Software Developer,Just Eat Takeaway.com,"Sofia, Bulgaria",https://stackoverflow.com/jobs/523480
Senior Cross-Platform Developer (m/f/d),Scanbot / doo GmbH,"Bonn, Deutschland",https://stackoverflow.com/jobs/525681
ARCHITECTE SI (F/H),Octo Technology,"Paris, France",https://stackoverflow.com/jobs/445451
QA Engineer (f/m/d),dreamIT GmbH,"Hamburg, Deutschland",https://stackoverflow.com/jobs/523988
Frontend Developer (w/m/d),zeb.it,"Münster, Deutschland",https://stackoverflow.com/jobs/522550
Full Stack Developer,Servian,"Sydney, Australia",https://stackoverflow.com/jobs/424942
Full Stack Developer,nowon AG,"Winterthur, Schweiz",https://stackoverflow.com/jobs/518957
Front-end Developer,Triple,"Alkmaar, Netherlands",https://stackoverflow.com/jobs/407700
Senior Frontend Developer - remote,SAP,"Gliwice, Poland",https://stackoverflow.com/jobs/521157
Software Developer (gn) Java,SoftwareONE Deutschland GmbH,"Leipzig, Germany",https://stackoverflow.com/jobs/526079
Senior Frontend Software Engineer (United States and Canada),Circle,No office location,https://stackoverflow.com/jobs/496056
Full Stack Developer (Medior/Senior),Sungevity,"Amsterdam, Netherlands",https://stackoverflow.com/jobs/526179
Senior Frontend Software Engineer (Europe),Circle,No office location,https://stackoverflow.com/jobs/496058
Java Fullstack Entwickler (m/w/d) - deutschlandweit & remote,objective partner AG,"Weinheim, Deutschland",https://stackoverflow.com/jobs/443596
Junior Developer,Ontario Digital Service,"Toronto, ON, Canada",https://stackoverflow.com/jobs/527027
Senior Frontend Engineer,Maven Clinic,"New York, NY",https://stackoverflow.com/jobs/488058
Software-Entwickler Java/Javascript (m/w/d),eLearning Manufaktur GmbH,"Düsseldorf, Germany",https://stackoverflow.com/jobs/524930
Software Engineering Manager,Quantum Mob,"Toronto, ON, Canada",https://stackoverflow.com/jobs/519030
Full Stack Software Engineer,F-Secure,"London, UK",https://stackoverflow.com/jobs/514490
Java Fullstack Entwickler (m/w/d) - Weinheim & remote,objective partner AG,"Weinheim, Deutschland",https://stackoverflow.com/jobs/496584
"Polyglot Software Engineer – TDD, XP, JavaScript",Pragmateam,"Melbourne, Australia",https://stackoverflow.com/jobs/523004
Senior React Developer,Think Company,No office location,https://stackoverflow.com/jobs/526750
Senior/Lead Backend TypeScript Engineer,11Sigma,No office location,https://stackoverflow.com/jobs/524747
Java Fullstack Entwickler (m/w/d) - Weinheim & remote,objective partner AG,"Weinheim, Deutschland",https://stackoverflow.com/jobs/496584
Developer IoT (m/w/d),GASAG Solution Plus GmbH,"Berlin, Germany",https://stackoverflow.com/jobs/525458
Backend Developer (PHP),Videoslots,"Pietà, Malta",https://stackoverflow.com/jobs/519483
Full Stack Developer (m/w/d) lexoffice,Haufe Group,"Freiburg im Breisgau, Germany",https://stackoverflow.com/jobs/455781
Full Stack Developer (Medior/Senior),Sungevity,"Amsterdam, Netherlands",https://stackoverflow.com/jobs/526179
Senior Cross-Platform Developer (m/f/d),Scanbot / doo GmbH,"Bonn, Deutschland",https://stackoverflow.com/jobs/525681
Senior React Engineer NYC,"Clinical.ly, Inc.",No office location,https://stackoverflow.com/jobs/519607
Front-End Engineer,Mixam,"Watford, UK",https://stackoverflow.com/jobs/523992
Software Development Architect (gn) C# / .NET,SoftwareONE Deutschland GmbH,"Leipzig, Germany",https://stackoverflow.com/jobs/526080
Director of Engineering (m/f/div),On,"Berlin, Germany",https://stackoverflow.com/jobs/526995
Head of Engineering [m/w/d],StackFuel GmbH,"Berlin, Deutschland",https://stackoverflow.com/jobs/522752
"Software developer, full stack - Stockholm",Columbia Road,"Stockholm, Sweden",https://stackoverflow.com/jobs/443002
Full Stack Developer,ECI Software Solutions,No office location,https://stackoverflow.com/jobs/515730
Senior Webentwickler / Frontend oder Fullstack (m/w/d,Rockstardevelopers GmbH,No office location,https://stackoverflow.com/jobs/527002
Senior Backend Developer,Quant,"London, UK",https://stackoverflow.com/jobs/499611
Senior Frontend Developer - Angular,Zyte (formerly Scrapinghub),No office location,https://stackoverflow.com/jobs/525199
Senior Full-Stack Engineer with Node.js - Tradeshift Go,Tradeshift,"Bucharest, Romania",https://stackoverflow.com/jobs/526924
.NET Core Developer,Bilbayt,No office location,https://stackoverflow.com/jobs/492507
Pre Sales Solutions Engineer,Soul Machines Limited,"San Francisco, CA",https://stackoverflow.com/jobs/503600
Senior Java Developer,Worldline,"Stockholm, Sweden",https://stackoverflow.com/jobs/504950
Developer .Net / Développeur .Net,Grics,"Montréal, QC, Canada",https://stackoverflow.com/jobs/521899
Solution Architect (f/m/diverse),Eurowings Digital GmbH,"Köln, Deutschland",https://stackoverflow.com/jobs/368535
Experienced Frontend Engineer - React - Remote,"Theorem, LLC",No office location,https://stackoverflow.com/jobs/524262
"Software developer, full stack - Stockholm",Columbia Road,"Stockholm, Sweden",https://stackoverflow.com/jobs/443002
Full Stack Developer,ECI Software Solutions,No office location,https://stackoverflow.com/jobs/515730
Senior Webentwickler / Frontend oder Fullstack (m/w/d,Rockstardevelopers GmbH,No office location,https://stackoverflow.com/jobs/527002
Senior Frontend Developer - Angular,Zyte (formerly Scrapinghub),No office location,https://stackoverflow.com/jobs/525199
Backend Developer,Quant,"London, UK",https://stackoverflow.com/jobs/499172
Senior Full Stack Software Engineer,Samotics,"Leiden, Netherlands",https://stackoverflow.com/jobs/516831
Senior Quality Engineer & Quality Engineer-Remote US (Level based on experience),Ultranauts Inc,No office location,https://stackoverflow.com/jobs/514642
Solution Architect (f/m/diverse),Eurowings Digital GmbH,"Köln, Deutschland",https://stackoverflow.com/jobs/368535
"Software developer, full stack - Helsinki",Columbia Road,"Helsinki, Finland",https://stackoverflow.com/jobs/431663
Frontend Developer (m/f/d),devterm IT Solutions,No office location,https://stackoverflow.com/jobs/522021
Senior Full Stack Developer - Remote,Insider,No office location,https://stackoverflow.com/jobs/456301
Senior React Developer,Supermetrics Oy,"Helsinki, Finland",https://stackoverflow.com/jobs/524132
Software Engineer Manager - Frontend,Givelify,No office location,https://stackoverflow.com/jobs/527431
Senior Software Engineer,NowPow,"Chicago, IL",https://stackoverflow.com/jobs/524159
Senior JavaScript Engineer,Fullscript,No office location,https://stackoverflow.com/jobs/525206
Frontend Developer (Associate) - Consumer Industry Cloud,SAP,"Pudong, China",https://stackoverflow.com/jobs/494223
LMAX Software Developer (Core Java),LMAX Group,"London, UK",https://stackoverflow.com/jobs/181651
Engineering Manager - Frontend & Mobile (m/f/d),Motius GmbH,"München, Deutschland",https://stackoverflow.com/jobs/525261
1x Software Architect/Lead (Cloud) & 1x Senior DevOps Engineer,Solar And Storage Modelling Pty Ltd (Solcast),"Leichhardt, Australia",https://stackoverflow.com/jobs/434165
Data Science and Analytics Engineer,MITRE,"McLean, VA",https://stackoverflow.com/jobs/523959
"Senior Software Engineer, Front-end Focused",Radix DLT,No office location,https://stackoverflow.com/jobs/465700
Full Stack Developer,Facile.it,"Milan, Italy",https://stackoverflow.com/jobs/441392
Full Stack Engineer,AMBOSS,"Berlin, Germany",https://stackoverflow.com/jobs/524868
Hackers wanted - UI/UX Engineer (m/f/d),freiheit.com technologies,"Hamburg, Deutschland",https://stackoverflow.com/jobs/91520
Senior PHP Developer,Defiant Inc,No office location,https://stackoverflow.com/jobs/500281
Senior Full Stack Software Engineer,Leapsome GmbH,"Berlin, Deutschland",https://stackoverflow.com/jobs/526077
Senior Software Engineer- Integrations,NowPow,"Chicago, IL",https://stackoverflow.com/jobs/527030
JavaScript Developer,Fullscript,No office location,https://stackoverflow.com/jobs/522483
Scrum Master,springbig inc.,"Boca Raton, FL",https://stackoverflow.com/jobs/525768
Front-end Designer (Australia - remote),Octopus Deploy,No office location,https://stackoverflow.com/jobs/525455
Senior Tech Engineer (Front-end),Voodoo.io,"Paris, France",https://stackoverflow.com/jobs/430364
"Frontend Engineer, Web",Aaqua,Singapore,https://stackoverflow.com/jobs/493601
Application Developer - Principal Consultant,AIM,"Minneapolis, MN",https://stackoverflow.com/jobs/524483
Developer  C++C# / Développeur C# C++,Grics,"Montréal, QC, Canada",https://stackoverflow.com/jobs/521898
Senior Platform Services Software Engineer (Europe),Circle,No office location,https://stackoverflow.com/jobs/496059
Senior Platform Services Software Engineer (United States and Canada),Circle,No office location,https://stackoverflow.com/jobs/496060
"Full Stack Developer (Remote, Canada)",Crowdlinker,"Toronto, ON, Canada",https://stackoverflow.com/jobs/524311
Test Analyst at LMAX Group,LMAX Group,"London, UK",https://stackoverflow.com/jobs/245647
フロントエンドエンジニア,HENNGE K.K.,"Tokyo, Japan",https://stackoverflow.com/jobs/381284
"Senior Software Engineer IV, Front-End",ACV Auctions,"Buffalo, NY",https://stackoverflow.com/jobs/524729
Senior Front-end Developer for Ankara Office,Insider,"Ankara, Turkey",https://stackoverflow.com/jobs/516377
Senior Full-Stack Developer,Lastmile Retail,No office location,https://stackoverflow.com/jobs/523843
Software Developer (Data Collections Team),Adpearance,"Portland, OR",https://stackoverflow.com/jobs/527426
Frontend Developer to build the leading Platform for ML,Hugging Face,"Paris, France",https://stackoverflow.com/jobs/448344
Senior Software Developer,SSENSE,"Toronto, ON, Canada",https://stackoverflow.com/jobs/521748
(Junior) Java Engineer at Bosch IoT Start-up,Security and Safety Things GmbH (A Bosch IoT Start-Up),"München, Germany",https://stackoverflow.com/jobs/505592
Senior Software Developer,SSENSE,"Montreal, QC, Canada",https://stackoverflow.com/jobs/521747
Senior Software Developer,SSENSE,"Ottawa, ON, Canada",https://stackoverflow.com/jobs/521746
Front End Developer,Huboo Technologies Ltd,"Bristol, UK",https://stackoverflow.com/jobs/526330
Senior Web Developer,Beast Code,"Fort Walton Beach, FL",https://stackoverflow.com/jobs/219673
Senior Front-end Developer (Remote),SORAMITSU,"Innopolis, Russia",https://stackoverflow.com/jobs/522571
Front End Developer,Huboo Technologies Ltd,"Bristol, UK",https://stackoverflow.com/jobs/526330
Software Developer / Product Owner,Knowit,"Gothenburg, Sweden",https://stackoverflow.com/jobs/473444
Software Engineer,WiseTech Global Ltd.,"Sydney, Australia",https://stackoverflow.com/jobs/496278
Full Stack Engineer (f/m/d) - Core Engineering Team,Receeve GmbH,"Hamburg, Deutschland",https://stackoverflow.com/jobs/351277
"Manager, Software Engineering (United States and Canada)",Circle,No office location,https://stackoverflow.com/jobs/496048
Senior Software Engineer,SimpleNexus LLC,No office location,https://stackoverflow.com/jobs/523125
Senior Full Stack Engineer (Remote OR NYC),Noom,"New York, NY",https://stackoverflow.com/jobs/283522
Java-Softwareentwickler (w/m/d),parcIT GmbH,"Köln, Deutschland",https://stackoverflow.com/jobs/524114
Senior React Developer,AppEvolve,No office location,https://stackoverflow.com/jobs/249608
DevOps Engineer,Harlem Next,"Haarlem, Netherlands",https://stackoverflow.com/jobs/423490
Senior Ruby on Rails Developer (f/m/div) in FinTech,PAIR Finance GmbH,"Berlin, Deutschland",https://stackoverflow.com/jobs/525483
Experienced Front End Engineer,AE nv/sa,"Leuven, Belgium",https://stackoverflow.com/jobs/523553
Développeur fullstack,Digital4Better,"Nantes, France",https://stackoverflow.com/jobs/515925
Software Engineer - Full Stack (Mid-Senior),Olo,No office location,https://stackoverflow.com/jobs/448572
"Manager, Software Engineering (Europe)",Circle,No office location,https://stackoverflow.com/jobs/496049
Ruby on Rails Developer (f/m/div) in FinTech,PAIR Finance GmbH,"Berlin, Deutschland",https://stackoverflow.com/jobs/424974
Senior PHP Developer,Huboo Technologies Ltd,"Bristol, UK",https://stackoverflow.com/jobs/512666
TECH LEAD (F/H),Octo Technology,"Paris, France",https://stackoverflow.com/jobs/445447
DevOps Cloud Engineer m/w/d,MARC O'POLO International GmbH,"Stephanskirchen, Deutschland",https://stackoverflow.com/jobs/519984
Softwareentwickler (m/w/d) C# Healthcare,Meierhofer AG,"Berlin, Deutschland",https://stackoverflow.com/jobs/445033
